cohort,n,chi_square,degrees_freedom,p_value,cramers_v
coordinate_valid_1237,1237,1050.7116501678995,24,1.492345527968301e-206,0.4608153405932698
