cohort,topic,topic_label,between_group_statistic,permutation_p_value,p_fdr_bh
coordinate_valid_1237,1,T1 Porphyry-enriched mixed alteration,116.04146428421649,0.0001999600079984003,0.00027994401119776045
coordinate_valid_1237,2,T2 Supergene Cu-enrichment overprint,19.933855675096094,0.0001999600079984003,0.00027994401119776045
coordinate_valid_1237,3,T3 Broad polymetallic sulphide background,47.355533581486114,0.0001999600079984003,0.00027994401119776045
coordinate_valid_1237,4,T4 Magmatic-sulphide-enriched Ni-Co-As,19.90795624428289,0.0001999600079984003,0.00027994401119776045
coordinate_valid_1237,5,T5 Sodic-calcic silicate-halide mode,0.6371318687158278,0.03699260147970406,0.04315803505965474
coordinate_valid_1237,6,T6 VMS-enriched Pb-Zn-Cu-barite,1.7892698204818134,0.0001999600079984003,0.00027994401119776045
coordinate_valid_1237,7,T7 Diffuse sulphate-phosphate residual,0.018683996348075552,0.74125174965007,0.74125174965007
