cohort,topic,topic_label,n,groups,kruskal_H,p_value,epsilon_squared,p_fdr_bh
coordinate_valid_1237,1,T1 Porphyry-enriched mixed alteration,1237,5,489.11433517567144,1.51469161765153e-104,0.3937616356945385,1.060284132356071e-103
coordinate_valid_1237,2,T2 Supergene Cu-enrichment overprint,1237,5,222.46207734441046,5.534605502468224e-47,0.1773231147276059,1.2914079505759189e-46
coordinate_valid_1237,3,T3 Broad polymetallic sulphide background,1237,5,171.12200988698953,6.0068941170126795e-36,0.13565098205112786,8.409651763817751e-36
coordinate_valid_1237,4,T4 Magmatic-sulphide-enriched Ni-Co-As,1237,5,335.4644724901948,2.4099799187424374e-71,0.26904583806022303,8.43492971559853e-71
coordinate_valid_1237,5,T5 Sodic-calcic silicate-halide mode,1237,5,94.59964653487339,1.3864151695497662e-19,0.07353867413544918,1.3864151695497662e-19
coordinate_valid_1237,6,T6 VMS-enriched Pb-Zn-Cu-barite,1237,5,205.1388206010106,2.9505474136747853e-43,0.1632620297086125,5.163457973930874e-43
coordinate_valid_1237,7,T7 Diffuse sulphate-phosphate residual,1237,5,104.53949448164133,1.0617391679666138e-21,0.08160673253379978,1.2386956959610494e-21
