cohort,topic,topic_label,n,groups,kruskal_H,p_value,epsilon_squared,p_fdr_bh
full_1335,1,T1 Porphyry-enriched mixed alteration,1335,5,525.1582563474605,2.422392919136018e-112,0.39184831304320333,1.6956750433952126e-111
full_1335,2,T2 Supergene Cu-enrichment overprint,1335,5,243.1549532465643,1.9408119408130906e-51,0.17981575432072505,4.5285611952305446e-51
full_1335,3,T3 Broad polymetallic sulphide background,1335,5,180.5458161780404,5.692670403576631e-38,0.13274121517145895,7.969738565007283e-38
full_1335,4,T4 Magmatic-sulphide-enriched Ni-Co-As,1335,5,374.75920958430476,7.890517711263267e-80,0.27876632299571785,2.761681198942143e-79
full_1335,5,T5 Sodic-calcic silicate-halide mode,1335,5,93.88790928837948,1.9644156851153988e-19,0.06758489420178908,1.9644156851153988e-19
full_1335,6,T6 VMS-enriched Pb-Zn-Cu-barite,1335,5,210.9493607014077,1.6602545844441703e-44,0.1556010230837652,2.9054455227772977e-44
full_1335,7,T7 Diffuse sulphate-phosphate residual,1335,5,103.63534509325751,1.6544361373661227e-21,0.07491379330320114,1.9301754935938098e-21
