cohort,topic,topic_label,between_group_statistic,permutation_p_value,p_fdr_bh
full_1335,1,T1 Porphyry-enriched mixed alteration,128.17264837853457,0.0001999600079984003,0.00027994401119776045
full_1335,2,T2 Supergene Cu-enrichment overprint,22.75048132149803,0.0001999600079984003,0.00027994401119776045
full_1335,3,T3 Broad polymetallic sulphide background,50.412257515958814,0.0001999600079984003,0.00027994401119776045
full_1335,4,T4 Magmatic-sulphide-enriched Ni-Co-As,22.187651337613044,0.0001999600079984003,0.00027994401119776045
full_1335,5,T5 Sodic-calcic silicate-halide mode,0.7045713347676177,0.029994001199760048,0.03499300139972006
full_1335,6,T6 VMS-enriched Pb-Zn-Cu-barite,2.2774565491067973,0.0001999600079984003,0.00027994401119776045
full_1335,7,T7 Diffuse sulphate-phosphate residual,0.04167253649175838,0.4553089382123575,0.4553089382123575
