cohort,n,chi_square,degrees_freedom,p_value,cramers_v
full_1335,1335,1132.2741178011418,24,6.596095706438615e-224,0.46047405100412975
