holdout_continent,K,split_number,n_inner_train,n_inner_validation,validation_perplexity,mean_topic_cosine,minimum_topic_cosine
North America,5,1,696,175,30.167523426000674,0.9637970638356596,0.9095788018074611
North America,5,2,696,175,28.960912757647225,0.9858754817123483,0.9761653545667888
North America,5,3,696,175,28.9957838062363,0.958325943918231,0.8729844584299666
North America,6,1,696,175,31.1414998312106,0.9542083804451614,0.9039650357342031
North America,6,2,696,175,29.286299501740462,0.953447629552799,0.9112979036251587
North America,6,3,696,175,30.215311127378143,0.9515719177556697,0.9161662722351829
North America,7,1,696,175,32.17083066504798,0.8342384258214114,0.48141470487987637
North America,7,2,696,175,30.309081300683285,0.8386608399436307,0.4004188990776667
North America,7,3,696,175,30.563704039745506,0.8342102749708553,0.5841725015281987
North America,8,1,696,175,32.533203123118625,0.8582042311185217,0.3299732043339776
North America,8,2,696,175,31.352990024946784,0.8219260011629355,0.4071943281242455
North America,8,3,696,175,31.61448002155935,0.8425636361385931,0.07780939134739603
North America,9,1,696,175,32.17070784772248,0.8914398757298123,0.33487281659061485
North America,9,2,696,175,31.82811090445861,0.9373421956030376,0.8124809050875829
North America,9,3,696,175,32.01181467517891,0.8490562647069706,0.26138516021181923
