source,seed,n_train,n_test,elapsed_seconds,train_dm_log_prob_mean_per_doc,test_dm_log_prob_mean_per_doc,topic_alignment_to_full_data_mean,topic_alignment_to_full_data_min,elbo_mean_last_100_per_train_doc,omega_a,kappa,lithology_effective_mean_abs,age_effective_mean_abs,ratio_lithology_over_age,tau_mean,tau_median
Macrostrat,42,989,248,132.8452663421631,-24.835587530996246,-23.9921921909126,0.7105422105107989,0.060550034046173096,-25.556487597121023,0.3750116257400724,93.27272290885985,0.005450253374874592,0.001165099791251123,4.677928376437119,0.1976400911808014,0.188235804438591
GLiM,42,989,248,135.72390389442444,-24.817740347510526,-23.891810018447746,0.6839435112529567,0.009196826256811619,-25.563146440382553,0.4051754716896055,92.45067178769075,0.005305228754878044,0.001246935804374516,4.254612576097481,0.19457988440990448,0.17024172842502594
Combined,42,989,248,137.26868343353271,-24.833769119283076,-23.959421985864598,0.703431853226253,0.43861305713653564,-25.569612296312837,0.42437039195306514,94.6035061357176,0.005400765221565962,0.0013030637055635452,4.1446670630966995,0.1944710612297058,0.20010456442832947
